Approach,estimate__,se__
FTLR,0.2633814033177092,0.020570438719055385
LiSSA,0.29467966211765684,0.020938441711381636
IR,0.1793414006941151,0.015417849907351969
VSM,0.26506904003320764,0.021251735783505452
LSI,0.29575905640157113,0.02155936164153565
